{"train_loss_step": 0.3449605107307434, "train_MulticlassJaccardIndex_step": 0.557624876499176, "train_MulticlassF1Score_step": 0.7857650518417358, "train_MulticlassPrecision_step": 0.8001821637153625, "train_MulticlassRecall_step": 0.8001821637153625, "train_MulticlassAccuracy_step": 0.8001821637153625, "epoch": 0, "trainer/global_step": 749, "_timestamp": 1724867513.024963, "_runtime": 586.8711059093475, "_step": 14}