{"train_loss_step": 0.32675349712371826, "train_MulticlassJaccardIndex_step": 0.5650165677070618, "train_MulticlassF1Score_step": 0.7930415868759155, "train_MulticlassPrecision_step": 0.7933529019355774, "train_MulticlassRecall_step": 0.7933529019355774, "train_MulticlassAccuracy_step": 0.7933529019355774, "epoch": 0, "trainer/global_step": 799, "_timestamp": 1724867550.548271, "_runtime": 624.3944139480591, "_step": 15, "_wandb": {"runtime": 653}}