{"train_loss_step": 0.41394704580307007, "train_MulticlassJaccardIndex_step": 0.5370210409164429, "train_MulticlassF1Score_step": 0.7724921703338623, "train_MulticlassPrecision_step": 0.7176943421363831, "train_MulticlassRecall_step": 0.7176943421363831, "train_MulticlassAccuracy_step": 0.7176943421363831, "epoch": 4, "trainer/global_step": 2199, "_timestamp": 1715430569.2825701, "_runtime": 1236.9479231834412, "_step": 51, "val_loss": 0.40197819471359253, "val_MulticlassJaccardIndex": 0.5279853940010071, "val_MulticlassF1Score": 0.7602294683456421, "val_MulticlassPrecision": 0.7299447059631348, "val_MulticlassRecall": 0.7299447059631348, "val_MulticlassAccuracy": 0.7299447059631348, "train_loss_epoch": 0.4048837125301361, "train_MulticlassJaccardIndex_epoch": 0.5249091386795044, "train_MulticlassF1Score_epoch": 0.7575601935386658, "train_MulticlassPrecision_epoch": 0.7186436653137207, "train_MulticlassRecall_epoch": 0.7186436653137207, "train_MulticlassAccuracy_epoch": 0.7186436653137207, "_wandb": {"runtime": 1243}}