{"train_loss_step": 0.5975375771522522, "train_MulticlassJaccardIndex_step": 0.42964935302734375, "train_MulticlassF1Score_step": 0.6473941802978516, "train_MulticlassPrecision_step": 0.5540385842323303, "train_MulticlassRecall_step": 0.5540385842323303, "train_MulticlassAccuracy_step": 0.5540385842323303, "epoch": 4, "trainer/global_step": 2199, "_timestamp": 1715440924.4252813, "_runtime": 1307.080438375473, "_step": 51, "val_loss": 0.6235798001289368, "val_MulticlassJaccardIndex": 0.4183795750141144, "val_MulticlassF1Score": 0.6404253244400024, "val_MulticlassPrecision": 0.5763346552848816, "val_MulticlassRecall": 0.5763346552848816, "val_MulticlassAccuracy": 0.5763346552848816, "train_loss_epoch": 0.647174060344696, "train_MulticlassJaccardIndex_epoch": 0.3969597816467285, "train_MulticlassF1Score_epoch": 0.6137251853942871, "train_MulticlassPrecision_epoch": 0.5438169240951538, "train_MulticlassRecall_epoch": 0.5438169240951538, "train_MulticlassAccuracy_epoch": 0.5438169240951538, "_wandb": {"runtime": 1321}}