{"train_loss_step": 1.0020390748977661, "train_MulticlassJaccardIndex_step": 0.32162225246429443, "train_MulticlassF1Score_step": 0.4348389208316803, "train_MulticlassPrecision_step": 0.4528058171272278, "train_MulticlassRecall_step": 0.4528058171272278, "train_MulticlassAccuracy_step": 0.4528058171272278, "epoch": 0, "trainer/global_step": 399, "_timestamp": 1715438311.309551, "_runtime": 244.10555791854858, "_step": 7, "_wandb": {"runtime": 243}}