{"train_loss_step": 1.5084037780761719, "train_MulticlassJaccardIndex_step": 0.04385102912783623, "train_MulticlassF1Score_step": 0.09522764384746552, "train_MulticlassPrecision_step": 0.15871469676494598, "train_MulticlassRecall_step": 0.15871469676494598, "train_MulticlassAccuracy_step": 0.15871469676494598, "epoch": 1, "trainer/global_step": 2199, "_timestamp": 1708812117.8972292, "_runtime": 13410.907453298569, "_step": 45, "val_loss": 1.359142541885376, "val_MulticlassJaccardIndex": 0.028636297211050987, "val_MulticlassF1Score": 0.059914618730545044, "val_MulticlassPrecision": 0.16461504995822906, "val_MulticlassRecall": 0.16461504995822906, "val_MulticlassAccuracy": 0.16461504995822906, "train_loss_epoch": 1.5149872303009033, "train_MulticlassJaccardIndex_epoch": 0.06698629260063171, "train_MulticlassF1Score_epoch": 0.1252584457397461, "train_MulticlassPrecision_epoch": 0.23217585682868958, "train_MulticlassRecall_epoch": 0.23217585682868958, "train_MulticlassAccuracy_epoch": 0.23217585682868958, "_wandb": {"runtime": 13447}}