{"lr-Adam": 0.001, "trainer/global_step": 399, "_timestamp": 1695982644.1580396, "_runtime": 78.90201568603516, "_step": 59, "train_loss_step": 52.302513122558594, "train_data_fidelity_step": 4.493175506591797, "train_constraint_violation_step": 2178.6337890625, "CV_k/CV_0 _step": 0.422197163105011, "epoch": 2, "val_loss": 57.15726089477539, "val_data_fidelity": 5.071819305419922, "val_constraint_violation": 2429.99609375, "CV_k/CV_0 _epoch": 0.5758844614028931, "val_Accuracy": 0.008799999952316284, "train_loss_epoch": 63.827877044677734, "train_data_fidelity_epoch": 4.482783317565918, "train_constraint_violation_epoch": 2971.695556640625, "train_Accuracy": 0.023266667500138283, "_wandb": {"runtime": 80}}