{"train_loss_step": 1.2528467178344727, "train_MulticlassJaccardIndex_step": 0.11125080287456512, "train_MulticlassF1Score_step": 0.16549882292747498, "train_MulticlassPrecision_step": 0.45431602001190186, "train_MulticlassRecall_step": 0.45431602001190186, "train_MulticlassAccuracy_step": 0.45431602001190186, "epoch": 73, "trainer/global_step": 133881, "_timestamp": 1708618353.9548469, "_runtime": 791469.8670079708, "_step": 2823, "val_loss": 1.3434008359909058, "val_MulticlassJaccardIndex": 0.11674231290817261, "val_MulticlassF1Score": 0.1710042953491211, "val_MulticlassPrecision": 0.4954259395599365, "val_MulticlassRecall": 0.4954259395599365, "val_MulticlassAccuracy": 0.4954259395599365, "train_loss_epoch": 1.256728172302246, "train_MulticlassJaccardIndex_epoch": 0.11647132784128189, "train_MulticlassF1Score_epoch": 0.18909135460853577, "train_MulticlassPrecision_epoch": 0.5118030905723572, "train_MulticlassRecall_epoch": 0.5118030905723572, "train_MulticlassAccuracy_epoch": 0.5118030905723572, "test_loss": 1.2598724365234375, "test_MulticlassJaccardIndex": 0.1177392303943634, "test_MulticlassF1Score": 0.2381778508424759, "test_MulticlassPrecision": 0.5111861228942871, "test_MulticlassRecall": 0.5111861228942871, "test_MulticlassAccuracy": 0.5111861228942871, "_wandb": {"runtime": 791470}}