{"train_loss_step": 0.4099608063697815, "train_MulticlassJaccardIndex_step": 0.5170976519584656, "train_MulticlassF1Score_step": 0.7499624490737915, "train_MulticlassPrecision_step": 0.7102195024490356, "train_MulticlassRecall_step": 0.7102195024490356, "train_MulticlassAccuracy_step": 0.7102195024490356, "epoch": 0, "trainer/global_step": 8708, "_timestamp": 1715436592.4370224, "_runtime": 5035.0990035533905, "_step": 206, "val_loss": 0.3774340748786926, "val_MulticlassJaccardIndex": 0.5396466255187988, "val_MulticlassF1Score": 0.7705980539321899, "val_MulticlassPrecision": 0.7191206812858582, "val_MulticlassRecall": 0.7191206812858582, "val_MulticlassAccuracy": 0.7191206812858582, "train_loss_epoch": 0.3698941171169281, "train_MulticlassJaccardIndex_epoch": 0.5453647375106812, "train_MulticlassF1Score_epoch": 0.7771454453468323, "train_MulticlassPrecision_epoch": 0.739373505115509, "train_MulticlassRecall_epoch": 0.739373505115509, "train_MulticlassAccuracy_epoch": 0.739373505115509, "test_loss": 0.3791206181049347, "test_MulticlassJaccardIndex": 0.5527414083480835, "test_MulticlassF1Score": 0.7855085134506226, "test_MulticlassPrecision": 0.7581943273544312, "test_MulticlassRecall": 0.7581943273544312, "test_MulticlassAccuracy": 0.7581943273544312, "_wandb": {"runtime": 5036}}