{"train_loss_step": 0.8122161626815796, "train_MulticlassJaccardIndex_step": 0.39194005727767944, "train_MulticlassF1Score_step": 0.5402233600616455, "train_MulticlassPrecision_step": 0.4920882284641266, "train_MulticlassRecall_step": 0.4920882284641266, "train_MulticlassAccuracy_step": 0.4920882284641266, "epoch": 10, "trainer/global_step": 1402, "_timestamp": 1716919509.8401015, "_runtime": 1338.3749153614044, "_step": 247, "val_loss_step": 0.7980460524559021, "val_MulticlassJaccardIndex_step": 0.31997910141944885, "val_MulticlassF1Score_step": 0.4699060320854187, "val_MulticlassPrecision_step": 0.43492722511291504, "val_MulticlassRecall_step": 0.43492722511291504, "val_MulticlassAccuracy_step": 0.43492722511291504, "val_loss_epoch": 0.8298129439353943, "val_MulticlassJaccardIndex_epoch": 0.3358708620071411, "val_MulticlassF1Score_epoch": 0.48781952261924744, "val_MulticlassPrecision_epoch": 0.4668332040309906, "val_MulticlassRecall_epoch": 0.4668332040309906, "val_MulticlassAccuracy_epoch": 0.4668332040309906, "train_loss_epoch": 0.7741219997406006, "train_MulticlassJaccardIndex_epoch": 0.3921257555484772, "train_MulticlassF1Score_epoch": 0.5362188220024109, "train_MulticlassPrecision_epoch": 0.4775700569152832, "train_MulticlassRecall_epoch": 0.4775700569152832, "train_MulticlassAccuracy_epoch": 0.4775700569152832, "test_loss_step": 0.8335054516792297, "test_MulticlassJaccardIndex_step": 0.3932836651802063, "test_MulticlassF1Score_step": 0.5493912100791931, "test_MulticlassPrecision_step": 0.514182984828949, "test_MulticlassRecall_step": 0.514182984828949, "test_MulticlassAccuracy_step": 0.514182984828949, "test_loss_epoch": 0.8135344386100769, "test_MulticlassJaccardIndex_epoch": 0.4056773781776428, "test_MulticlassF1Score_epoch": 0.5570855140686035, "test_MulticlassPrecision_epoch": 0.5127152800559998, "test_MulticlassRecall_epoch": 0.5127152800559998, "test_MulticlassAccuracy_epoch": 0.5127152800559998, "_wandb": {"runtime": 1338}}