{"train_loss_step": 0.9660003781318665, "train_MulticlassJaccardIndex_step": 0.372283011674881, "train_MulticlassF1Score_step": 0.4153299331665039, "train_MulticlassPrecision_step": 0.4856567978858948, "train_MulticlassRecall_step": 0.4856567978858948, "train_MulticlassAccuracy_step": 0.4856567978858948, "epoch": 2, "trainer/global_step": 499, "_timestamp": 1716911866.5966408, "_runtime": 590.8225028514862, "_step": 65, "val_loss_step": 1.0241870880126953, "val_MulticlassJaccardIndex_step": 0.33686721324920654, "val_MulticlassF1Score_step": 0.3906259536743164, "val_MulticlassPrecision_step": 0.5091387629508972, "val_MulticlassRecall_step": 0.5091387629508972, "val_MulticlassAccuracy_step": 0.5091387629508972, "val_loss_epoch": 0.9986184239387512, "val_MulticlassJaccardIndex_epoch": 0.3356824219226837, "val_MulticlassF1Score_epoch": 0.38492724299430847, "val_MulticlassPrecision_epoch": 0.455968976020813, "val_MulticlassRecall_epoch": 0.455968976020813, "val_MulticlassAccuracy_epoch": 0.455968976020813, "train_loss_epoch": 1.0506129264831543, "train_MulticlassJaccardIndex_epoch": 0.36065801978111267, "train_MulticlassF1Score_epoch": 0.41142863035202026, "train_MulticlassPrecision_epoch": 0.4783097505569458, "train_MulticlassRecall_epoch": 0.4783097505569458, "train_MulticlassAccuracy_epoch": 0.4783097505569458, "_wandb": {"runtime": 620}}