{"train_loss_step": 0.6093133687973022, "train_MulticlassJaccardIndex_step": 0.33543938398361206, "train_MulticlassF1Score_step": 0.5297045707702637, "train_MulticlassPrecision_step": 0.5856497287750244, "train_MulticlassRecall_step": 0.5856497287750244, "train_MulticlassAccuracy_step": 0.5856497287750244, "epoch": 7, "trainer/global_step": 6499, "_timestamp": 1709476707.3857527, "_runtime": 3046.430123567581, "_step": 143, "val_loss": 0.732864260673523, "val_MulticlassJaccardIndex": 0.2946932315826416, "val_MulticlassF1Score": 0.483681321144104, "val_MulticlassPrecision": 0.5145756006240845, "val_MulticlassRecall": 0.5145756006240845, "val_MulticlassAccuracy": 0.5145756006240845, "train_loss_epoch": 0.7197011113166809, "train_MulticlassJaccardIndex_epoch": 0.29668694734573364, "train_MulticlassF1Score_epoch": 0.4874127507209778, "train_MulticlassPrecision_epoch": 0.5243761539459229, "train_MulticlassRecall_epoch": 0.5243761539459229, "train_MulticlassAccuracy_epoch": 0.5243761539459229, "_wandb": {"runtime": 3054}}