{"train_loss_step": 1.2606698274612427, "train_MulticlassJaccardIndex_step": 0.06272801011800766, "train_MulticlassF1Score_step": 0.10600906610488892, "train_MulticlassPrecision_step": 0.1833614557981491, "train_MulticlassRecall_step": 0.1945818066596985, "train_MulticlassAccuracy_step": 0.23458437621593475, "epoch": 2, "trainer/global_step": 1099, "_timestamp": 1727726876.518959, "_runtime": 6670.2950229644775, "_step": 25, "val_loss": 1.3294758796691895, "val_MulticlassJaccardIndex": 0.06704103201627731, "val_MulticlassF1Score": 0.11062459647655487, "val_MulticlassPrecision": 0.11424087733030319, "val_MulticlassRecall": 0.20091786980628967, "val_MulticlassAccuracy": 0.23790399730205536, "train_loss_epoch": 1.3617373704910278, "train_MulticlassJaccardIndex_epoch": 0.050814591348171234, "train_MulticlassF1Score_epoch": 0.0888083279132843, "train_MulticlassPrecision_epoch": 0.18177559971809387, "train_MulticlassRecall_epoch": 0.1846916377544403, "train_MulticlassAccuracy_epoch": 0.1958758383989334}