{"train_loss_step": 1.7723615169525146, "train_MulticlassJaccardIndex_step": 0.07801001518964767, "train_MulticlassF1Score_step": 0.1348075568675995, "train_MulticlassPrecision_step": 0.2257123589515686, "train_MulticlassRecall_step": 0.2257123589515686, "train_MulticlassAccuracy_step": 0.2257123589515686, "epoch": 0, "trainer/global_step": 299, "_timestamp": 1708962425.5590293, "_runtime": 1982.6584362983704, "_step": 5, "_wandb": {"runtime": 1985}}