{"train_loss_step": 0.46157175302505493, "train_MulticlassJaccardIndex_step": 0.5004342794418335, "train_MulticlassF1Score_step": 0.7332857847213745, "train_MulticlassPrecision_step": 0.6971093416213989, "train_MulticlassRecall_step": 0.6971093416213989, "train_MulticlassAccuracy_step": 0.6971093416213989, "epoch": 15, "trainer/global_step": 8549, "_timestamp": 1715352146.1062589, "_runtime": 4314.807874917984, "_step": 200, "val_loss": 0.43306344747543335, "val_MulticlassJaccardIndex": 0.5028228163719177, "val_MulticlassF1Score": 0.7354087829589844, "val_MulticlassPrecision": 0.6941832900047302, "val_MulticlassRecall": 0.6941832900047302, "val_MulticlassAccuracy": 0.6941832900047302, "train_loss_epoch": 0.4258275032043457, "train_MulticlassJaccardIndex_epoch": 0.5138009786605835, "train_MulticlassF1Score_epoch": 0.7466140985488892, "train_MulticlassPrecision_epoch": 0.707137405872345, "train_MulticlassRecall_epoch": 0.707137405872345, "train_MulticlassAccuracy_epoch": 0.707137405872345, "_wandb": {"runtime": 4328}}