{"CV_k/CV_0 _step": 0.8865829706192017, "trainer/global_step": 49, "_timestamp": 1695982402.7540224, "_runtime": 40.99761724472046, "_step": 11, "val_loss": 107.7291030883789, "val_data_fidelity": 4.608475685119629, "val_constraint_violation": 2263.0810546875, "CV_k/CV_0 _epoch": 0.9124881029129028, "val_Accuracy": 0.009999999776482582, "epoch": 2, "train_loss_epoch": 164.8293914794922, "train_data_fidelity_epoch": 4.076461315155029, "train_constraint_violation_epoch": 2309.706298828125, "train_Accuracy": 0.10937777906656265, "lr-Adam": 0.001, "train_loss_step": 93.75540161132812, "train_data_fidelity_step": 3.8882718086242676, "train_constraint_violation_step": 2244.13525390625, "_wandb": {"runtime": 42}}