{"train_loss_step": 1.5519397258758545, "train_MulticlassJaccardIndex_step": 0.08421990275382996, "train_MulticlassF1Score_step": 0.16980904340744019, "train_MulticlassPrecision_step": 0.23828409612178802, "train_MulticlassRecall_step": 0.23828409612178802, "train_MulticlassAccuracy_step": 0.23828409612178802, "epoch": 7, "trainer/global_step": 13149, "_timestamp": 1708796572.3521872, "_runtime": 79860.3954012394, "_step": 276, "val_loss": 1.5740305185317993, "val_MulticlassJaccardIndex": 0.07017052918672562, "val_MulticlassF1Score": 0.14131133258342743, "val_MulticlassPrecision": 0.2223845273256302, "val_MulticlassRecall": 0.2223845273256302, "val_MulticlassAccuracy": 0.2223845273256302, "train_loss_epoch": 1.5716722011566162, "train_MulticlassJaccardIndex_epoch": 0.0928148478269577, "train_MulticlassF1Score_epoch": 0.18126344680786133, "train_MulticlassPrecision_epoch": 0.2742851972579956, "train_MulticlassRecall_epoch": 0.2742851972579956, "train_MulticlassAccuracy_epoch": 0.2742851972579956, "_wandb": {"runtime": 80174}}