{"train_loss_step": 0.5544022917747498, "train_MulticlassJaccardIndex_step": 0.3612784743309021, "train_MulticlassF1Score_step": 0.5704538822174072, "train_MulticlassPrecision_step": 0.626453697681427, "train_MulticlassRecall_step": 0.626453697681427, "train_MulticlassAccuracy_step": 0.626453697681427, "epoch": 2, "trainer/global_step": 5480, "_timestamp": 1709480102.1255536, "_runtime": 3249.450074672699, "_step": 113, "val_loss": 0.4901817739009857, "val_MulticlassJaccardIndex": 0.41568177938461304, "val_MulticlassF1Score": 0.6247053146362305, "val_MulticlassPrecision": 0.6689968109130859, "val_MulticlassRecall": 0.6689968109130859, "val_MulticlassAccuracy": 0.6689968109130859, "train_loss_epoch": 0.6084426641464233, "train_MulticlassJaccardIndex_epoch": 0.37623485922813416, "train_MulticlassF1Score_epoch": 0.5757684111595154, "train_MulticlassPrecision_epoch": 0.629225492477417, "train_MulticlassRecall_epoch": 0.629225492477417, "train_MulticlassAccuracy_epoch": 0.629225492477417, "_wandb": {"runtime": 3249}}