{"val_loss": 0.9162809077126192, "val_JaccardIndex": 0.561882734298706, "val_Precision": 0.4637254774570465, "val_Recall": 0.14567293226718903, "val_F1Score": 0.22170144319534302, "val_FBetaScore": 0.32277876138687134, "epoch": 99, "trainer/global_step": 3399, "_timestamp": 1676384231.836357, "_runtime": 5907.773720026016, "_step": 267, "train_JaccardIndex_epoch": 0.56908118724823, "train_Precision_epoch": 0.5118317604064941, "train_Recall_epoch": 0.16206006705760956, "train_F1Score_epoch": 0.2413589060306549, "train_FBetaScore_epoch": 0.34800639748573303, "train_JaccardIndex_step": 0.5773992538452148, "train_Precision_step": 0.692307710647583, "train_Recall_step": 0.1666666716337204, "train_F1Score_step": 0.26865673065185547, "train_FBetaScore_step": 0.4245283007621765, "train_loss": 0.8743615964407943, "_wandb": {"runtime": 5907}}