{"train_loss_step": 0.39553701877593994, "train_MulticlassJaccardIndex_step": 0.5397346019744873, "train_MulticlassF1Score_step": 0.7727179527282715, "train_MulticlassPrecision_step": 0.7528171539306641, "train_MulticlassRecall_step": 0.7528171539306641, "train_MulticlassAccuracy_step": 0.7528171539306641, "epoch": 3, "trainer/global_step": 6749, "_timestamp": 1724882886.0060523, "_runtime": 2811.0881803035736, "_step": 140, "val_loss": 0.3380923569202423, "val_MulticlassJaccardIndex": 0.5611271262168884, "val_MulticlassF1Score": 0.7901207208633423, "val_MulticlassPrecision": 0.7940518856048584, "val_MulticlassRecall": 0.7940518856048584, "val_MulticlassAccuracy": 0.7940518856048584, "train_loss_epoch": 0.35284730792045593, "train_MulticlassJaccardIndex_epoch": 0.5497145652770996, "train_MulticlassF1Score_epoch": 0.7791942954063416, "train_MulticlassPrecision_epoch": 0.7813993692398071, "train_MulticlassRecall_epoch": 0.7813993692398071, "train_MulticlassAccuracy_epoch": 0.7813993692398071, "_wandb": {"runtime": 2827}}