{"train_loss_step": 0.3689718544483185, "train_MulticlassJaccardIndex_step": 0.630486011505127, "train_MulticlassF1Score_step": 0.7244505882263184, "train_MulticlassPrecision_step": 0.886273205280304, "train_MulticlassRecall_step": 0.886273205280304, "train_MulticlassAccuracy_step": 0.886273205280304, "epoch": 12, "trainer/global_step": 4899, "_timestamp": 1694710739.3852232, "_runtime": 12066.556374073029, "_step": 637, "val_loss_step": 0.4573666751384735, "val_MulticlassJaccardIndex_step": 0.6293347477912903, "val_MulticlassF1Score_step": 0.7004857063293457, "val_MulticlassPrecision_step": 0.9144077897071838, "val_MulticlassRecall_step": 0.9144077897071838, "val_MulticlassAccuracy_step": 0.9144077897071838, "val_loss_epoch": 0.48143184185028076, "val_MulticlassJaccardIndex_epoch": 0.647994875907898, "val_MulticlassF1Score_epoch": 0.7615249156951904, "val_MulticlassPrecision_epoch": 0.8948220014572144, "val_MulticlassRecall_epoch": 0.8948220014572144, "val_MulticlassAccuracy_epoch": 0.8948220014572144, "train_loss_epoch": 0.6119222044944763, "train_MulticlassJaccardIndex_epoch": 0.6660389304161072, "train_MulticlassF1Score_epoch": 0.7740554809570312, "train_MulticlassPrecision_epoch": 0.9078390598297119, "train_MulticlassRecall_epoch": 0.9078390598297119, "train_MulticlassAccuracy_epoch": 0.9078390598297119}