{"train_loss_step": 1.0211774110794067, "train_MulticlassJaccardIndex_step": 0.40584075450897217, "train_MulticlassF1Score_step": 0.5044156312942505, "train_MulticlassPrecision_step": 0.37694963812828064, "train_MulticlassRecall_step": 0.37694963812828064, "train_MulticlassAccuracy_step": 0.37694963812828064, "epoch": 0, "trainer/global_step": 599, "_timestamp": 1716911264.740402, "_runtime": 16.17735195159912, "_step": 11, "_wandb": {"runtime": 15}}