{"train_loss_step": NaN, "train_MulticlassJaccardIndex_step": 0.014349999837577343, "train_MulticlassF1Score_step": 0.026424823328852654, "train_MulticlassPrecision_step": 0.08609999716281891, "train_MulticlassRecall_step": 0.08609999716281891, "train_MulticlassAccuracy_step": 0.08609999716281891, "epoch": 3, "trainer/global_step": 1199, "_timestamp": 1699615612.5431366, "_runtime": 64281.83048868179, "_step": 29, "val_loss": NaN, "val_MulticlassJaccardIndex": 0.013718313537538052, "val_MulticlassF1Score": 0.025082314386963844, "val_MulticlassPrecision": 0.08230987936258316, "val_MulticlassRecall": 0.08230987936258316, "val_MulticlassAccuracy": 0.08230987936258316, "train_loss_epoch": NaN, "train_MulticlassJaccardIndex_epoch": 0.014094024896621704, "train_MulticlassF1Score_epoch": 0.025812862440943718, "train_MulticlassPrecision_epoch": 0.08456414192914963, "train_MulticlassRecall_epoch": 0.08456414192914963, "train_MulticlassAccuracy_epoch": 0.08456414192914963, "_wandb": {"runtime": 66272}}