{"train_loss_step": 0.31116101145744324, "train_MulticlassJaccardIndex_step": 0.5898836851119995, "train_MulticlassF1Score_step": 0.8219902515411377, "train_MulticlassPrecision_step": 0.7898204326629639, "train_MulticlassRecall_step": 0.7898204326629639, "train_MulticlassAccuracy_step": 0.7898204326629639, "epoch": 0, "trainer/global_step": 899, "_timestamp": 1724868831.0655787, "_runtime": 669.4305927753448, "_step": 17}