{"train_loss_step": 0.3436973989009857, "train_MulticlassJaccardIndex_step": 0.5647985339164734, "train_MulticlassF1Score_step": 0.7955105304718018, "train_MulticlassPrecision_step": 0.7736486196517944, "train_MulticlassRecall_step": 0.7736486196517944, "train_MulticlassAccuracy_step": 0.7736486196517944, "epoch": 14, "trainer/global_step": 13709, "_timestamp": 1724878524.1965594, "_runtime": 10362.561573505402, "_step": 303, "val_loss": 0.31089696288108826, "val_MulticlassJaccardIndex": 0.5675286650657654, "val_MulticlassF1Score": 0.79788738489151, "val_MulticlassPrecision": 0.7910655736923218, "val_MulticlassRecall": 0.7910655736923218, "val_MulticlassAccuracy": 0.7910655736923218, "train_loss_epoch": 0.3093234896659851, "train_MulticlassJaccardIndex_epoch": 0.5787925124168396, "train_MulticlassF1Score_epoch": 0.8063494563102722, "train_MulticlassPrecision_epoch": 0.8053150773048401, "train_MulticlassRecall_epoch": 0.8053150773048401, "train_MulticlassAccuracy_epoch": 0.8053150773048401, "_wandb": {"runtime": 10386}}