{"train_loss_step": 0.3390944004058838, "train_MulticlassJaccardIndex_step": 0.5480830669403076, "train_MulticlassF1Score_step": 0.7770643830299377, "train_MulticlassPrecision_step": 0.7886771559715271, "train_MulticlassRecall_step": 0.7886771559715271, "train_MulticlassAccuracy_step": 0.7886771559715271, "epoch": 1, "trainer/global_step": 1049, "_timestamp": 1724868964.5983815, "_runtime": 802.9633955955505, "_step": 22, "val_loss": 0.3369554281234741, "val_MulticlassJaccardIndex": 0.5644654035568237, "val_MulticlassF1Score": 0.7946302890777588, "val_MulticlassPrecision": 0.790229856967926, "val_MulticlassRecall": 0.790229856967926, "val_MulticlassAccuracy": 0.790229856967926, "train_loss_epoch": 0.35402002930641174, "train_MulticlassJaccardIndex_epoch": 0.556869387626648, "train_MulticlassF1Score_epoch": 0.7859811186790466, "train_MulticlassPrecision_epoch": 0.7817338109016418, "train_MulticlassRecall_epoch": 0.7817338109016418, "train_MulticlassAccuracy_epoch": 0.7817338109016418}