{"lr-Adam": 0.001, "trainer/global_step": 351, "_timestamp": 1695982539.0568228, "_runtime": 66.54644179344177, "_step": 57, "train_loss_step": 32.48307800292969, "train_data_fidelity_step": 4.080631256103516, "train_constraint_violation_step": 1493.0908203125, "CV_k/CV_0 _step": 0.5879429578781128, "epoch": 1, "val_loss": 32.629249572753906, "val_data_fidelity": 4.297138214111328, "val_constraint_violation": 1488.2181396484375, "CV_k/CV_0 _epoch": 0.6583114266395569, "val_Accuracy": 0.06019999831914902, "train_loss_epoch": 37.5054817199707, "train_data_fidelity_epoch": 4.138017654418945, "train_constraint_violation_epoch": 1666.3369140625, "train_Accuracy": 0.07988888770341873, "_wandb": {"runtime": 70}}