{"train_loss_step": 0.36892855167388916, "train_MulticlassJaccardIndex_step": 0.5505602955818176, "train_MulticlassF1Score_step": 0.7821930050849915, "train_MulticlassPrecision_step": 0.7441853880882263, "train_MulticlassRecall_step": 0.7441853880882263, "train_MulticlassAccuracy_step": 0.7441853880882263, "epoch": 23, "trainer/global_step": 13049, "_timestamp": 1715359382.0086427, "_runtime": 6447.946488618851, "_step": 306, "val_loss": 0.37809324264526367, "val_MulticlassJaccardIndex": 0.5399202108383179, "val_MulticlassF1Score": 0.7713257670402527, "val_MulticlassPrecision": 0.7275121212005615, "val_MulticlassRecall": 0.7275121212005615, "val_MulticlassAccuracy": 0.7275121212005615, "train_loss_epoch": 0.3594781756401062, "train_MulticlassJaccardIndex_epoch": 0.5519460439682007, "train_MulticlassF1Score_epoch": 0.7832913994789124, "train_MulticlassPrecision_epoch": 0.7466570734977722, "train_MulticlassRecall_epoch": 0.7466570734977722, "train_MulticlassAccuracy_epoch": 0.7466570734977722, "_wandb": {"runtime": 6451}}