{"train_loss_step": 1.0533661842346191, "train_MulticlassJaccardIndex_step": 0.19547800719738007, "train_MulticlassF1Score_step": 0.2977505326271057, "train_MulticlassPrecision_step": 0.4075062572956085, "train_MulticlassRecall_step": 0.4075062572956085, "train_MulticlassAccuracy_step": 0.4075062572956085, "epoch": 2, "trainer/global_step": 0, "_timestamp": 1716811157.357013, "_runtime": 51.805485010147095, "_step": 42, "val_loss_step": 1.1525055170059204, "val_MulticlassJaccardIndex_step": 0.17343556880950928, "val_MulticlassF1Score_step": 0.2655649781227112, "val_MulticlassPrecision_step": 0.30557501316070557, "val_MulticlassRecall_step": 0.30557501316070557, "val_MulticlassAccuracy_step": 0.30557501316070557, "val_loss_epoch": 1.0825804471969604, "val_MulticlassJaccardIndex_epoch": 0.20533694326877594, "val_MulticlassF1Score_epoch": 0.3141374886035919, "val_MulticlassPrecision_epoch": 0.3889278769493103, "val_MulticlassRecall_epoch": 0.3889278769493103, "val_MulticlassAccuracy_epoch": 0.3889278769493103, "train_loss_epoch": 1.1554700136184692, "train_MulticlassJaccardIndex_epoch": 0.1902533918619156, "train_MulticlassF1Score_epoch": 0.289883017539978, "train_MulticlassPrecision_epoch": 0.3812481462955475, "train_MulticlassRecall_epoch": 0.3812481462955475, "train_MulticlassAccuracy_epoch": 0.3812481462955475, "test_loss_step": 1.0806586742401123, "test_MulticlassJaccardIndex_step": 0.19313251972198486, "test_MulticlassF1Score_step": 0.29293736815452576, "test_MulticlassPrecision_step": 0.40169376134872437, "test_MulticlassRecall_step": 0.40169376134872437, "test_MulticlassAccuracy_step": 0.40169376134872437, "_wandb": {"runtime": 51}}