{"train_loss_step": 0.29924675822257996, "train_MulticlassJaccardIndex_step": 0.5801864862442017, "train_MulticlassF1Score_step": 0.8044645190238953, "train_MulticlassPrecision_step": 0.8152546286582947, "train_MulticlassRecall_step": 0.8152546286582947, "train_MulticlassAccuracy_step": 0.8152546286582947, "epoch": 9, "trainer/global_step": 8899, "_timestamp": 1724776832.3242064, "_runtime": 6917.195697307587, "_step": 195, "val_loss": 0.3249955475330353, "val_MulticlassJaccardIndex": 0.5662249326705933, "val_MulticlassF1Score": 0.7948572039604187, "val_MulticlassPrecision": 0.7900075316429138, "val_MulticlassRecall": 0.7900075316429138, "val_MulticlassAccuracy": 0.7900075316429138, "train_loss_epoch": 0.32052847743034363, "train_MulticlassJaccardIndex_epoch": 0.5730013847351074, "train_MulticlassF1Score_epoch": 0.8011261820793152, "train_MulticlassPrecision_epoch": 0.7980809211730957, "train_MulticlassRecall_epoch": 0.7980809211730957, "train_MulticlassAccuracy_epoch": 0.7980809211730957, "_wandb": {"runtime": 6947}}