{"train_loss_step": 0.5842468738555908, "train_MulticlassJaccardIndex_step": 0.4939739406108856, "train_MulticlassF1Score_step": 0.6322888135910034, "train_MulticlassPrecision_step": 0.5743651986122131, "train_MulticlassRecall_step": 0.5743651986122131, "train_MulticlassAccuracy_step": 0.5743651986122131, "epoch": 0, "trainer/global_step": 36344, "_timestamp": 1716887007.5144553, "_runtime": 37377.711099386215, "_step": 4909, "val_loss_step": 0.6554782390594482, "val_MulticlassJaccardIndex_step": 0.4231185019016266, "val_MulticlassF1Score_step": 0.5708031058311462, "val_MulticlassPrecision_step": 0.5525417923927307, "val_MulticlassRecall_step": 0.5525417923927307, "val_MulticlassAccuracy_step": 0.5525417923927307, "val_loss_epoch": 0.6634000539779663, "val_MulticlassJaccardIndex_epoch": 0.4663345515727997, "val_MulticlassF1Score_epoch": 0.6026092171669006, "val_MulticlassPrecision_epoch": 0.6021114587783813, "val_MulticlassRecall_epoch": 0.6021114587783813, "val_MulticlassAccuracy_epoch": 0.6021114587783813, "train_loss_epoch": 0.625140368938446, "train_MulticlassJaccardIndex_epoch": 0.4772992432117462, "train_MulticlassF1Score_epoch": 0.6149147152900696, "train_MulticlassPrecision_epoch": 0.5925037860870361, "train_MulticlassRecall_epoch": 0.5925037860870361, "train_MulticlassAccuracy_epoch": 0.5925037860870361, "test_loss_step": 0.6401320695877075, "test_MulticlassJaccardIndex_step": 0.4815317690372467, "test_MulticlassF1Score_step": 0.500645637512207, "test_MulticlassPrecision_step": 0.5387694239616394, "test_MulticlassRecall_step": 0.5387694239616394, "test_MulticlassAccuracy_step": 0.5387694239616394, "test_loss_epoch": 0.6472213268280029, "test_MulticlassJaccardIndex_epoch": 0.5098517537117004, "test_MulticlassF1Score_epoch": 0.5491575598716736, "test_MulticlassPrecision_epoch": 0.5838035941123962, "test_MulticlassRecall_epoch": 0.5838035941123962, "test_MulticlassAccuracy_epoch": 0.5838035941123962, "_wandb": {"runtime": 37377}}